portfolio_id,portfolio_type,ticker,metric,gt_value,baseline_value,antinomai_value,baseline_error,antinomai_error,baseline_halluc,antinomai_halluc
USD_01,USD,AAPL,weight_pct,23.9104,12.68,23.9104,46.97,0.0,True,False
USD_01,USD,AAPL,beta,0.8882,1.2,0.8882,35.1,0.0,True,False
USD_01,USD,AAPL,vol_ann,33.5868,25.1,33.5868,25.27,0.0,True,False
USD_01,USD,AAPL,price_usd,308.63,145.0,308.63,53.02,0.0,True,False
USD_01,USD,MSFT,weight_pct,15.1262,10.94,15.1262,27.68,0.0,True,False
USD_01,USD,MSFT,beta,0.8146,0.9,0.8146,10.48,0.0,True,False
USD_01,USD,MSFT,vol_ann,40.9123,22.5,40.9123,45.0,0.0,True,False
USD_01,USD,MSFT,price_usd,390.49,250.0,390.49,35.98,0.0,True,False
USD_01,USD,TSLA,weight_pct,60.9634,48.09,60.9634,21.12,0.0,True,False
USD_01,USD,TSLA,beta,2.0966,2.1,2.0966,0.16,0.0,False,False
USD_01,USD,TSLA,vol_ann,54.4865,55.6,54.4865,2.04,0.0,False,False
USD_01,USD,TSLA,price_usd,393.45,275.0,393.45,30.11,0.0,True,False
USD_02,USD,GOOGL,weight_pct,45.1594,17.59,45.1594,61.05,0.0,True,False
USD_02,USD,GOOGL,beta,1.3339,1.13,1.3339,15.29,0.0,True,False
USD_02,USD,GOOGL,vol_ann,32.0664,24.21,32.0664,24.5,0.0,True,False
USD_02,USD,GOOGL,price_usd,359.91,95.0,359.91,73.6,0.0,True,False
USD_02,USD,AMZN,weight_pct,45.6733,49.43,45.6733,8.23,0.0,True,False
USD_02,USD,AMZN,beta,1.4337,1.26,1.4337,12.12,0.0,True,False
USD_02,USD,AMZN,vol_ann,34.8675,30.15,34.8675,13.53,0.0,True,False
USD_02,USD,AMZN,price_usd,242.67,178.0,242.67,26.65,0.0,True,False
USD_02,USD,NVDA,weight_pct,9.1673,32.98,9.1673,259.76,0.0,True,False
USD_02,USD,NVDA,beta,1.8605,1.23,1.8605,33.89,0.0,True,False
USD_02,USD,NVDA,vol_ann,40.5467,41.19,40.5467,1.59,0.0,False,False
USD_02,USD,NVDA,price_usd,194.83,381.0,194.83,95.56,0.0,True,False
USD_03,USD,META,weight_pct,75.7696,60.83,75.7696,19.72,0.0,True,False
USD_03,USD,META,beta,1.4359,1.28,1.4359,10.86,0.0,True,False
USD_03,USD,META,vol_ann,48.88,35.0,48.88,28.4,0.0,True,False
USD_03,USD,META,price_usd,582.9,274.0,582.9,52.99,0.0,True,False
USD_03,USD,NFLX,weight_pct,4.0374,30.51,4.0374,655.68,0.0,True,False
USD_03,USD,NFLX,beta,0.3293,0.95,0.3293,188.49,0.0,True,False
USD_03,USD,NFLX,vol_ann,35.2556,40.0,35.2556,13.46,0.0,True,False
USD_03,USD,NFLX,price_usd,77.65,433.0,77.65,457.63,0.0,True,False
USD_03,USD,AMD,weight_pct,20.193,8.66,20.193,57.11,0.0,True,False
USD_03,USD,AMD,beta,2.9761,1.74,2.9761,41.53,0.0,True,False
USD_03,USD,AMD,vol_ann,80.9804,55.0,80.9804,32.08,0.0,True,False
USD_03,USD,AMD,price_usd,517.82,79.0,517.82,84.74,0.0,True,False
USD_04,USD,JPM,weight_pct,44.4118,77.53,44.4118,74.57,0.0,True,False
USD_04,USD,JPM,beta,0.8118,1.2,0.8118,47.82,0.0,True,False
USD_04,USD,JPM,vol_ann,23.6168,23.0,23.6168,2.61,0.0,False,False
USD_04,USD,JPM,price_usd,334.47,140.0,334.47,58.14,0.0,True,False
USD_04,USD,BAC,weight_pct,10.3978,22.14,10.3978,112.93,0.0,True,False
USD_04,USD,BAC,beta,0.7581,1.4,0.7581,84.67,0.0,True,False
USD_04,USD,BAC,vol_ann,19.0158,28.0,19.0158,47.25,0.0,True,False
USD_04,USD,BAC,price_usd,58.73,30.0,58.73,48.92,0.0,True,False
USD_04,USD,GS,weight_pct,45.1904,0.33,45.1904,99.27,0.0,True,False
USD_04,USD,GS,beta,1.4977,1.1,1.4977,26.55,0.0,True,False
USD_04,USD,GS,vol_ann,36.941,25.0,36.941,32.32,0.0,True,False
USD_04,USD,GS,price_usd,1021.0,350.0,1021.0,65.72,0.0,True,False
USD_05,USD,BRK-B,weight_pct,61.1933,56.23,61.1933,8.11,0.0,True,False
USD_05,USD,BRK-B,beta,0.068,0.77,0.068,1032.35,0.0,True,False
USD_05,USD,BRK-B,vol_ann,14.3164,18.21,14.3164,27.2,0.0,True,False
USD_05,USD,BRK-B,price_usd,507.78,294.41,507.78,42.02,0.0,True,False
USD_05,USD,WMT,weight_pct,20.217,40.95,20.217,102.55,0.0,True,False
USD_05,USD,WMT,beta,-0.036,0.74,-0.036,2155.56,0.0,True,False
USD_05,USD,WMT,vol_ann,32.4029,22.15,32.4029,31.64,0.0,True,False
USD_05,USD,WMT,price_usd,111.84,143.21,111.84,28.05,0.0,True,False
USD_05,USD,KO,weight_pct,18.5897,20.71,18.5897,11.41,0.0,True,False
USD_05,USD,KO,beta,-0.2695,0.96,-0.2695,456.22,0.0,True,False
USD_05,USD,KO,vol_ann,24.5006,15.61,24.5006,36.29,0.0,True,False
USD_05,USD,KO,price_usd,84.14,59.21,84.14,29.63,0.0,True,False
USD_06,USD,XOM,weight_pct,46.0302,62.23,46.0302,35.19,0.0,True,False
USD_06,USD,XOM,beta,-0.3927,0.75,-0.3927,290.99,0.0,True,False
USD_06,USD,XOM,vol_ann,25.9121,21.11,25.9121,18.53,0.0,True,False
USD_06,USD,XOM,price_usd,137.09,85.0,137.09,38.0,0.0,True,False
USD_06,USD,CVX,weight_pct,40.9044,82.83,40.9044,102.5,0.0,True,False
USD_06,USD,CVX,beta,-0.3428,0.95,-0.3428,377.13,0.0,True,False
USD_06,USD,CVX,vol_ann,24.7332,24.19,24.7332,2.2,0.0,False,False
USD_06,USD,CVX,price_usd,169.2,157.0,169.2,7.21,0.0,True,False
USD_06,USD,PFE,weight_pct,13.0653,45.69,13.0653,249.7,0.0,True,False
USD_06,USD,PFE,beta,0.3298,0.58,0.3298,75.86,0.0,True,False
USD_06,USD,PFE,vol_ann,21.2118,18.29,21.2118,13.77,0.0,True,False
USD_06,USD,PFE,price_usd,24.32,39.0,24.32,60.36,0.0,True,False
USD_07,USD,ORCL,weight_pct,21.4409,19.08,21.4409,11.01,0.0,True,False
USD_07,USD,ORCL,beta,1.8202,0.95,1.8202,47.81,0.0,True,False
USD_07,USD,ORCL,vol_ann,73.4661,22.0,73.4661,70.05,0.0,True,False
USD_07,USD,ORCL,price_usd,140.27,80.0,140.27,42.97,0.0,True,False
USD_07,USD,INTC,weight_pct,49.0561,18.12,49.0561,63.06,0.0,True,False
USD_07,USD,INTC,beta,2.6048,0.85,2.6048,67.37,0.0,True,False
USD_07,USD,INTC,vol_ann,90.9265,25.0,90.9265,72.51,0.0,True,False
USD_07,USD,INTC,price_usd,120.35,28.5,120.35,76.32,0.0,True,False
USD_07,USD,IBM,weight_pct,29.503,21.46,29.503,27.26,0.0,True,False
USD_07,USD,IBM,beta,0.9598,0.75,0.9598,21.86,0.0,True,False
USD_07,USD,IBM,vol_ann,70.4383,18.0,70.4383,74.45,0.0,True,False
USD_07,USD,IBM,price_usd,289.52,135.0,289.52,53.37,0.0,True,False
USD_08,USD,F,weight_pct,18.2078,15.86,18.2078,12.89,0.0,True,False
USD_08,USD,F,beta,1.2781,1.21,1.2781,5.33,0.0,True,False
USD_08,USD,F,vol_ann,48.8601,25.1,48.8601,48.63,0.0,True,False
USD_08,USD,F,price_usd,13.36,18.0,13.36,34.73,0.0,True,False
USD_08,USD,GM,weight_pct,31.0733,14.56,31.0733,53.14,0.0,True,False
USD_08,USD,GM,beta,1.1535,1.35,1.1535,17.04,0.0,True,False
USD_08,USD,GM,vol_ann,34.9751,22.5,34.9751,35.67,0.0,True,False
USD_08,USD,GM,price_usd,76.0,55.0,76.0,27.63,0.0,True,False
USD_08,USD,UBER,weight_pct,50.7189,13.66,50.7189,73.07,0.0,True,False
USD_08,USD,UBER,beta,0.9828,1.42,0.9828,44.49,0.0,True,False
USD_08,USD,UBER,vol_ann,42.7643,30.8,42.7643,27.98,0.0,True,False
USD_08,USD,UBER,price_usd,74.43,31.0,74.43,58.35,0.0,True,False
USD_09,USD,AMGN,weight_pct,50.1915,43.33,50.1915,13.67,0.0,True,False
USD_09,USD,AMGN,beta,0.5293,0.73,0.5293,37.92,0.0,True,False
USD_09,USD,AMGN,vol_ann,25.9626,21.11,25.9626,18.69,0.0,True,False
USD_09,USD,AMGN,price_usd,374.15,253.21,374.15,32.32,0.0,True,False
USD_09,USD,GILD,weight_pct,26.4144,20.93,26.4144,20.76,0.0,True,False
USD_09,USD,GILD,beta,0.449,0.85,0.449,89.31,0.0,True,False
USD_09,USD,GILD,vol_ann,29.2332,25.19,29.2332,13.83,0.0,True,False
USD_09,USD,GILD,price_usd,131.27,81.49,131.27,37.92,0.0,True,False
USD_09,USD,BMY,weight_pct,23.3941,35.74,23.3941,52.77,0.0,True,False
USD_09,USD,BMY,beta,0.2942,0.93,0.2942,216.11,0.0,True,False
USD_09,USD,BMY,vol_ann,31.8734,22.15,31.8734,30.51,0.0,True,False
USD_09,USD,BMY,price_usd,58.13,69.45,58.13,19.47,0.0,True,False
USD_10,USD,T,weight_pct,30.4245,21.71,30.4245,28.64,0.0,True,False
USD_10,USD,T,beta,-0.3588,0.61,-0.3588,270.01,0.0,True,False
USD_10,USD,T,vol_ann,31.3123,18.21,31.3123,41.84,0.0,True,False
USD_10,USD,T,price_usd,20.58,19.5,20.58,5.25,0.0,True,False
USD_10,USD,VZ,weight_pct,35.9535,25.63,35.9535,28.71,0.0,True,False
USD_10,USD,VZ,beta,-0.3149,0.63,-0.3149,300.06,0.0,True,False
USD_10,USD,VZ,vol_ann,30.2353,17.15,30.2353,43.28,0.0,True,False
USD_10,USD,VZ,price_usd,42.56,40.25,42.56,5.43,0.0,True,False
USD_10,USD,DIS,weight_pct,33.622,52.66,33.622,56.62,0.0,True,False
USD_10,USD,DIS,beta,0.7885,1.23,0.7885,55.99,0.0,True,False
USD_10,USD,DIS,vol_ann,24.4321,24.91,24.4321,1.96,0.0,False,False
USD_10,USD,DIS,price_usd,99.5,121.5,99.5,22.11,0.0,True,False
INR_01,INR,TCS.NS,weight_pct,75.4909,44.38,75.4909,41.21,0.0,True,False
INR_01,INR,TCS.NS,beta,0.8495,0.7,0.8495,17.6,0.0,True,False
INR_01,INR,TCS.NS,vol_ann,41.2527,18.21,41.2527,55.86,0.0,True,False
INR_01,INR,TCS.NS,price_usd,21.9905,40.95,21.9905,86.22,0.0,True,False
INR_01,INR,INFY.NS,weight_pct,15.1047,7.94,15.1047,47.43,0.0,True,False
INR_01,INR,INFY.NS,beta,0.7455,0.8,0.7455,7.31,0.0,True,False
INR_01,INR,INFY.NS,vol_ann,41.2557,20.15,41.2557,51.16,0.0,True,False
INR_01,INR,INFY.NS,price_usd,11.0,18.33,11.0,66.64,0.0,True,False
INR_01,INR,RELIANCE.NS,weight_pct,9.4044,47.68,9.4044,407.0,0.0,True,False
INR_01,INR,RELIANCE.NS,beta,0.8828,0.95,0.8828,7.61,0.0,True,False
INR_01,INR,RELIANCE.NS,vol_ann,16.5153,22.19,16.5153,34.36,0.0,True,False
INR_01,INR,RELIANCE.NS,price_usd,13.6975,28.06,13.6975,104.85,0.0,True,False
INR_02,INR,HDFCBANK.NS,weight_pct,27.6853,41.49,27.6853,49.86,0.0,True,False
INR_02,INR,HDFCBANK.NS,beta,1.2355,0.85,1.2355,31.2,0.0,True,False
INR_02,INR,HDFCBANK.NS,vol_ann,20.778,12.1,20.778,41.77,0.0,True,False
INR_02,INR,HDFCBANK.NS,price_usd,8.4144,19.55,8.4144,132.34,0.0,True,False
INR_02,INR,ICICIBANK.NS,weight_pct,24.3898,11.95,24.3898,51.0,0.0,True,False
INR_02,INR,ICICIBANK.NS,beta,0.9072,0.88,0.9072,3.0,0.0,False,False
INR_02,INR,ICICIBANK.NS,vol_ann,18.3588,13.5,18.3588,26.47,0.0,True,False
INR_02,INR,ICICIBANK.NS,price_usd,14.8256,11.28,14.8256,23.92,0.0,True,False
INR_02,INR,SBIN.NS,weight_pct,47.925,46.56,47.925,2.85,0.0,False,False
INR_02,INR,SBIN.NS,beta,1.0637,0.79,1.0637,25.73,0.0,True,False
INR_02,INR,SBIN.NS,vol_ann,15.6577,11.2,15.6577,28.47,0.0,True,False
INR_02,INR,SBIN.NS,price_usd,10.9244,7.12,10.9244,34.82,0.0,True,False
INR_03,INR,WIPRO.NS,weight_pct,6.2862,9.35,6.2862,48.74,0.0,True,False
INR_03,INR,WIPRO.NS,beta,0.7569,0.7,0.7569,7.52,0.0,True,False
INR_03,INR,WIPRO.NS,vol_ann,33.4693,25.1,33.4693,25.01,0.0,True,False
INR_03,INR,WIPRO.NS,price_usd,1.8496,5.29,1.8496,186.01,0.0,True,False
INR_03,INR,HCLTECH.NS,weight_pct,29.2772,14.15,29.2772,51.67,0.0,True,False
INR_03,INR,HCLTECH.NS,beta,0.7635,0.85,0.7635,11.33,0.0,True,False
INR_03,INR,HCLTECH.NS,vol_ann,31.8538,22.5,31.8538,29.36,0.0,True,False
INR_03,INR,HCLTECH.NS,price_usd,11.9643,11.12,11.9643,7.06,0.0,True,False
INR_03,INR,TECHM.NS,weight_pct,64.4366,76.5,64.4366,18.72,0.0,True,False
INR_03,INR,TECHM.NS,beta,0.6259,0.9,0.6259,43.79,0.0,True,False
INR_03,INR,TECHM.NS,vol_ann,38.6848,20.8,38.6848,46.23,0.0,True,False
INR_03,INR,TECHM.NS,price_usd,14.812,12.44,14.812,16.01,0.0,True,False
INR_04,INR,MARUTI.NS,weight_pct,93.9972,73.45,93.9972,21.86,0.0,True,False
INR_04,INR,MARUTI.NS,beta,1.0883,0.8,1.0883,26.49,0.0,True,False
INR_04,INR,MARUTI.NS,vol_ann,26.4681,20.5,26.4681,22.55,0.0,True,False
INR_04,INR,MARUTI.NS,price_usd,150.9034,103.49,150.9034,31.42,0.0,True,False
INR_04,INR,EICHERMOT.NS,weight_pct,6.0028,2.52,6.0028,58.02,0.0,True,False
INR_04,INR,EICHERMOT.NS,beta,1.2719,0.9,1.2719,29.24,0.0,True,False
INR_04,INR,EICHERMOT.NS,vol_ann,31.4039,22.2,31.4039,29.31,0.0,True,False
INR_04,INR,EICHERMOT.NS,price_usd,77.0956,34.99,77.0956,54.61,0.0,True,False
INR_05,INR,HINDUNILVR.NS,weight_pct,61.4089,57.26,61.4089,6.76,0.0,True,False
INR_05,INR,HINDUNILVR.NS,beta,0.6217,0.65,0.6217,4.55,0.0,False,False
INR_05,INR,HINDUNILVR.NS,vol_ann,20.9621,12.1,20.9621,42.28,0.0,True,False
INR_05,INR,HINDUNILVR.NS,price_usd,23.1218,40.48,23.1218,75.07,0.0,True,False
INR_05,INR,ITC.NS,weight_pct,14.1558,6.5,14.1558,54.08,0.0,True,False
INR_05,INR,ITC.NS,beta,0.5643,0.85,0.5643,50.63,0.0,True,False
INR_05,INR,ITC.NS,vol_ann,16.7393,15.3,16.7393,8.6,0.0,True,False
INR_05,INR,ITC.NS,price_usd,3.0457,2.62,3.0457,13.98,0.0,True,False
INR_05,INR,NESTLEIND.NS,weight_pct,24.4352,35.74,24.4352,46.26,0.0,True,False
INR_05,INR,NESTLEIND.NS,beta,0.6086,0.75,0.6086,23.23,0.0,True,False
INR_05,INR,NESTLEIND.NS,vol_ann,20.5656,10.8,20.5656,47.49,0.0,True,False
INR_05,INR,NESTLEIND.NS,price_usd,15.334,238.1,15.334,1452.76,0.0,True,False
INR_06,INR,POWERGRID.NS,weight_pct,39.5893,18.83,39.5893,52.44,0.0,True,False
INR_06,INR,POWERGRID.NS,beta,0.4683,0.65,0.4683,38.8,0.0,True,False
INR_06,INR,POWERGRID.NS,vol_ann,19.2496,12.1,19.2496,37.14,0.0,True,False
INR_06,INR,POWERGRID.NS,price_usd,3.0236,2.66,3.0236,12.03,0.0,True,False
INR_06,INR,NTPC.NS,weight_pct,39.2196,11.73,39.2196,70.09,0.0,True,False
INR_06,INR,NTPC.NS,beta,0.5358,0.68,0.5358,26.91,0.0,True,False
INR_06,INR,NTPC.NS,vol_ann,21.0309,10.9,21.0309,48.17,0.0,True,False
INR_06,INR,NTPC.NS,price_usd,3.7442,2.07,3.7442,44.71,0.0,True,False
INR_06,INR,BPCL.NS,weight_pct,21.1911,14.14,21.1911,33.27,0.0,True,False
INR_06,INR,BPCL.NS,beta,1.3564,0.85,1.3564,37.33,0.0,True,False
INR_06,INR,BPCL.NS,vol_ann,32.1904,15.3,32.1904,52.47,0.0,True,False
INR_06,INR,BPCL.NS,price_usd,3.2369,3.99,3.2369,23.27,0.0,True,False
INR_07,INR,BAJAJFINSV.NS,weight_pct,73.3819,6.81,73.3819,90.72,0.0,True,False
INR_07,INR,BAJAJFINSV.NS,beta,1.3173,0.95,1.3173,27.88,0.0,True,False
INR_07,INR,BAJAJFINSV.NS,vol_ann,23.465,25.11,23.465,7.01,0.0,True,False
INR_07,INR,BAJAJFINSV.NS,price_usd,19.9118,18.29,19.9118,8.14,0.0,True,False
INR_07,INR,BAJFINANCE.NS,weight_pct,26.6181,19.43,26.6181,27.0,0.0,True,False
INR_07,INR,BAJFINANCE.NS,beta,1.5283,0.85,1.5283,44.38,0.0,True,False
INR_07,INR,BAJFINANCE.NS,vol_ann,28.0206,22.15,28.0206,20.95,0.0,True,False
INR_07,INR,BAJFINANCE.NS,price_usd,10.834,78.17,10.834,621.52,0.0,True,False
INR_08,INR,COALINDIA.NS,weight_pct,64.2893,7.54,64.2893,88.27,0.0,True,False
INR_08,INR,COALINDIA.NS,beta,0.2494,0.73,0.2494,192.7,0.0,True,False
INR_08,INR,COALINDIA.NS,vol_ann,21.353,25.11,21.353,17.59,0.0,True,False
INR_08,INR,COALINDIA.NS,price_usd,4.6082,2.67,4.6082,42.06,0.0,True,False
INR_08,INR,ONGC.NS,weight_pct,26.1405,3.67,26.1405,85.96,0.0,True,False
INR_08,INR,ONGC.NS,beta,0.091,0.81,0.091,790.11,0.0,True,False
INR_08,INR,ONGC.NS,vol_ann,23.3419,22.19,23.3419,4.93,0.0,False,False
INR_08,INR,ONGC.NS,price_usd,2.4983,1.73,2.4983,30.75,0.0,True,False
INR_08,INR,GAIL.NS,weight_pct,9.5703,1.29,9.5703,86.52,0.0,True,False
INR_08,INR,GAIL.NS,beta,1.1516,0.92,1.1516,20.11,0.0,True,False
INR_08,INR,GAIL.NS,vol_ann,25.5187,24.51,25.5187,3.95,0.0,False,False
INR_08,INR,GAIL.NS,price_usd,1.8293,1.22,1.8293,33.31,0.0,True,False
INR_09,INR,ADANIENT.NS,weight_pct,80.9113,114.41,80.9113,41.4,0.0,True,False
INR_09,INR,ADANIENT.NS,beta,1.6851,1.2,1.6851,28.79,0.0,True,False
INR_09,INR,ADANIENT.NS,vol_ann,31.7676,35.0,31.7676,10.18,0.0,True,False
INR_09,INR,ADANIENT.NS,price_usd,33.7405,23.12,33.7405,31.48,0.0,True,False
INR_09,INR,ADANIPORTS.NS,weight_pct,13.4887,13.02,13.4887,3.47,0.0,False,False
INR_09,INR,ADANIPORTS.NS,beta,1.4715,1.1,1.4715,25.25,0.0,True,False
INR_09,INR,ADANIPORTS.NS,vol_ann,19.6365,30.0,19.6365,52.78,0.0,True,False
INR_09,INR,ADANIPORTS.NS,price_usd,19.687,9.22,19.687,53.17,0.0,True,False
INR_09,INR,ADANIGREEN.NS,weight_pct,5.6,-27.43,5.6,589.82,0.0,True,False
INR_09,INR,ADANIGREEN.NS,beta,1.7812,1.3,1.7812,27.02,0.0,True,False
INR_09,INR,ADANIGREEN.NS,vol_ann,36.5112,40.0,36.5112,9.56,0.0,True,False
INR_09,INR,ADANIGREEN.NS,price_usd,16.3466,10.43,16.3466,36.19,0.0,True,False
INR_10,INR,SUNPHARMA.NS,weight_pct,57.5027,31.26,57.5027,45.64,0.0,True,False
INR_10,INR,SUNPHARMA.NS,beta,0.5384,0.7,0.5384,30.01,0.0,True,False
INR_10,INR,SUNPHARMA.NS,vol_ann,12.8857,25.0,12.8857,94.01,0.0,True,False
INR_10,INR,SUNPHARMA.NS,price_usd,20.0084,8.81,20.0084,55.97,0.0,True,False
INR_10,INR,DRREDDY.NS,weight_pct,24.889,56.45,24.889,126.81,0.0,True,False
INR_10,INR,DRREDDY.NS,beta,0.5523,0.9,0.5523,62.95,0.0,True,False
INR_10,INR,DRREDDY.NS,vol_ann,15.6765,28.0,15.6765,78.61,0.0,True,False
INR_10,INR,DRREDDY.NS,price_usd,14.4338,53.08,14.4338,267.75,0.0,True,False
INR_10,INR,CIPLA.NS,weight_pct,17.6082,12.29,17.6082,30.2,0.0,True,False
INR_10,INR,CIPLA.NS,beta,0.6118,0.8,0.6118,30.76,0.0,True,False
INR_10,INR,CIPLA.NS,vol_ann,18.3591,22.0,18.3591,19.83,0.0,True,False
INR_10,INR,CIPLA.NS,price_usd,15.3172,11.19,15.3172,26.94,0.0,True,False
MIX_01,MIXED,AAPL,weight_pct,73.7305,54.43,73.7305,26.18,0.0,True,False
MIX_01,MIXED,AAPL,beta,0.8882,1.2,0.8882,35.1,0.0,True,False
MIX_01,MIXED,AAPL,vol_ann,33.5868,25.11,33.5868,25.24,0.0,True,False
MIX_01,MIXED,AAPL,price_usd,308.63,145.23,308.63,52.94,0.0,True,False
MIX_01,MIXED,TCS.NS,weight_pct,21.0138,61.01,21.0138,190.33,0.0,True,False
MIX_01,MIXED,TCS.NS,beta,0.8495,0.7,0.8495,17.6,0.0,True,False
MIX_01,MIXED,TCS.NS,vol_ann,41.2527,18.23,41.2527,55.81,0.0,True,False
MIX_01,MIXED,TCS.NS,price_usd,21.9905,40.71,21.9905,85.13,0.0,True,False
MIX_01,MIXED,INFY.NS,weight_pct,5.2557,-34.44,5.2557,755.29,0.0,True,False
MIX_01,MIXED,INFY.NS,beta,0.7455,0.8,0.7455,7.31,0.0,True,False
MIX_01,MIXED,INFY.NS,vol_ann,41.2557,20.15,41.2557,51.16,0.0,True,False
MIX_01,MIXED,INFY.NS,price_usd,11.0,16.07,11.0,46.09,0.0,True,False
MIX_02,MIXED,MSFT,weight_pct,85.3283,80.03,85.3283,6.21,0.0,True,False
MIX_02,MIXED,MSFT,beta,0.8146,0.95,0.8146,16.62,0.0,True,False
MIX_02,MIXED,MSFT,vol_ann,40.9123,23.19,40.9123,43.32,0.0,True,False
MIX_02,MIXED,MSFT,price_usd,390.49,233.42,390.49,40.22,0.0,True,False
MIX_02,MIXED,RELIANCE.NS,weight_pct,11.2242,17.17,11.2242,52.97,0.0,True,False
MIX_02,MIXED,RELIANCE.NS,beta,0.8828,0.65,0.8828,26.37,0.0,True,False
MIX_02,MIXED,RELIANCE.NS,vol_ann,16.5153,20.15,16.5153,22.01,0.0,True,False
MIX_02,MIXED,RELIANCE.NS,price_usd,13.6975,26.73,13.6975,95.15,0.0,True,False
MIX_02,MIXED,HDFCBANK.NS,weight_pct,3.4475,11.25,3.4475,226.32,0.0,True,False
MIX_02,MIXED,HDFCBANK.NS,beta,1.2355,0.75,1.2355,39.3,0.0,True,False
MIX_02,MIXED,HDFCBANK.NS,vol_ann,20.778,18.29,20.778,11.97,0.0,True,False
MIX_02,MIXED,HDFCBANK.NS,price_usd,8.4144,17.51,8.4144,108.1,0.0,True,False
MIX_03,MIXED,NVDA,weight_pct,60.0412,80.59,60.0412,34.22,0.0,True,False
MIX_03,MIXED,NVDA,beta,1.8605,1.23,1.8605,33.89,0.0,True,False
MIX_03,MIXED,NVDA,vol_ann,40.5467,35.21,40.5467,13.16,0.0,True,False
MIX_03,MIXED,NVDA,price_usd,194.83,380.0,194.83,95.04,0.0,True,False
MIX_03,MIXED,WIPRO.NS,weight_pct,9.4999,17.68,9.4999,86.11,0.0,True,False
MIX_03,MIXED,WIPRO.NS,beta,0.7569,0.7,0.7569,7.52,0.0,True,False
MIX_03,MIXED,WIPRO.NS,vol_ann,33.4693,20.15,33.4693,39.8,0.0,True,False
MIX_03,MIXED,WIPRO.NS,price_usd,1.8496,5.0,1.8496,170.33,0.0,True,False
MIX_03,MIXED,ICICIBANK.NS,weight_pct,30.4589,1.6,30.4589,94.75,0.0,True,False
MIX_03,MIXED,ICICIBANK.NS,beta,0.9072,0.85,0.9072,6.31,0.0,True,False
MIX_03,MIXED,ICICIBANK.NS,vol_ann,18.3588,18.29,18.3588,0.37,0.0,False,False
MIX_03,MIXED,ICICIBANK.NS,price_usd,14.8256,1.13,14.8256,92.38,0.0,True,False
MIX_04,MIXED,GOOGL,weight_pct,91.654,115.83,91.654,26.38,0.0,True,False
MIX_04,MIXED,GOOGL,beta,1.3339,1.1,1.3339,17.54,0.0,True,False
MIX_04,MIXED,GOOGL,vol_ann,32.0664,25.0,32.0664,22.04,0.0,True,False
MIX_04,MIXED,GOOGL,price_usd,359.91,2700.0,359.91,650.19,0.0,True,False
MIX_04,MIXED,SBIN.NS,weight_pct,8.346,0.97,8.346,88.38,0.0,True,False
MIX_04,MIXED,SBIN.NS,beta,1.0637,1.0,1.0637,5.99,0.0,True,False
MIX_04,MIXED,SBIN.NS,vol_ann,15.6577,20.0,15.6577,27.73,0.0,True,False
MIX_04,MIXED,SBIN.NS,price_usd,10.9244,7.5,10.9244,31.35,0.0,True,False
MIX_05,MIXED,META,weight_pct,93.8739,100.93,93.8739,7.52,0.0,True,False
MIX_05,MIXED,META,beta,1.4359,1.23,1.4359,14.34,0.0,True,False
MIX_05,MIXED,META,vol_ann,48.88,35.21,48.88,27.97,0.0,True,False
MIX_05,MIXED,META,price_usd,582.9,274.41,582.9,52.92,0.0,True,False
MIX_05,MIXED,ITC.NS,weight_pct,1.4715,4.56,1.4715,209.89,0.0,True,False
MIX_05,MIXED,ITC.NS,beta,0.5643,0.73,0.5643,29.36,0.0,True,False
MIX_05,MIXED,ITC.NS,vol_ann,16.7393,21.19,16.7393,26.59,0.0,True,False
MIX_05,MIXED,ITC.NS,price_usd,3.0457,4.13,3.0457,35.6,0.0,True,False
MIX_05,MIXED,HINDUNILVR.NS,weight_pct,4.6546,-5.49,4.6546,217.95,0.0,True,False
MIX_05,MIXED,HINDUNILVR.NS,beta,0.6217,0.63,0.6217,1.34,0.0,False,False
MIX_05,MIXED,HINDUNILVR.NS,vol_ann,20.9621,18.55,20.9621,11.51,0.0,True,False
MIX_05,MIXED,HINDUNILVR.NS,price_usd,23.1218,31.65,23.1218,36.88,0.0,True,False
MIX_06,MIXED,AMZN,weight_pct,90.2875,60.43,90.2875,33.07,0.0,True,False
MIX_06,MIXED,AMZN,beta,1.4337,1.2,1.4337,16.3,0.0,True,False
MIX_06,MIXED,AMZN,vol_ann,34.8675,25.1,34.8675,28.01,0.0,True,False
MIX_06,MIXED,AMZN,price_usd,242.67,95.0,242.67,60.85,0.0,True,False
MIX_06,MIXED,NTPC.NS,weight_pct,6.501,6.14,6.501,5.55,0.0,True,False
MIX_06,MIXED,NTPC.NS,beta,0.5358,0.7,0.5358,30.65,0.0,True,False
MIX_06,MIXED,NTPC.NS,vol_ann,21.0309,18.2,21.0309,13.46,0.0,True,False
MIX_06,MIXED,NTPC.NS,price_usd,3.7442,2.07,3.7442,44.71,0.0,True,False
MIX_06,MIXED,BPCL.NS,weight_pct,3.2115,33.43,3.2115,940.95,0.0,True,False
MIX_06,MIXED,BPCL.NS,beta,1.3564,0.8,1.3564,41.02,0.0,True,False
MIX_06,MIXED,BPCL.NS,vol_ann,32.1904,22.5,32.1904,30.1,0.0,True,False
MIX_06,MIXED,BPCL.NS,price_usd,3.2369,3.99,3.2369,23.27,0.0,True,False
MIX_07,MIXED,JPM,weight_pct,53.8895,39.75,53.8895,26.24,0.0,True,False
MIX_07,MIXED,JPM,beta,0.8118,1.2,0.8118,47.82,0.0,True,False
MIX_07,MIXED,JPM,vol_ann,23.6168,22.1,23.6168,6.42,0.0,True,False
MIX_07,MIXED,JPM,price_usd,334.47,140.23,334.47,58.07,0.0,True,False
MIX_07,MIXED,SUNPHARMA.NS,weight_pct,40.2967,44.26,40.2967,9.84,0.0,True,False
MIX_07,MIXED,SUNPHARMA.NS,beta,0.5384,0.8,0.5384,48.59,0.0,True,False
MIX_07,MIXED,SUNPHARMA.NS,vol_ann,12.8857,25.0,12.8857,94.01,0.0,True,False
MIX_07,MIXED,SUNPHARMA.NS,price_usd,20.0084,12.5,20.0084,37.53,0.0,True,False
MIX_07,MIXED,DRREDDY.NS,weight_pct,5.8139,15.99,5.8139,175.03,0.0,True,False
MIX_07,MIXED,DRREDDY.NS,beta,0.5523,0.7,0.5523,26.74,0.0,True,False
MIX_07,MIXED,DRREDDY.NS,vol_ann,15.6765,20.0,15.6765,27.58,0.0,True,False
MIX_07,MIXED,DRREDDY.NS,price_usd,14.4338,53.57,14.4338,271.14,0.0,True,False
MIX_08,MIXED,TSLA,weight_pct,93.498,11.73,93.498,87.45,0.0,True,False
MIX_08,MIXED,TSLA,beta,2.0966,2.05,2.0966,2.22,0.0,False,False
MIX_08,MIXED,TSLA,vol_ann,54.4865,53.21,54.4865,2.34,0.0,False,False
MIX_08,MIXED,TSLA,price_usd,393.45,193.88,393.45,50.72,0.0,True,False
MIX_08,MIXED,BAJAJFINSV.NS,weight_pct,5.6781,1.56,5.6781,72.53,0.0,True,False
MIX_08,MIXED,BAJAJFINSV.NS,beta,1.3173,0.95,1.3173,27.88,0.0,True,False
MIX_08,MIXED,BAJAJFINSV.NS,vol_ann,23.465,31.19,23.465,32.92,0.0,True,False
MIX_08,MIXED,BAJAJFINSV.NS,price_usd,19.9118,21.35,19.9118,7.22,0.0,True,False
MIX_08,MIXED,BAJFINANCE.NS,weight_pct,0.8239,1.7,0.8239,106.34,0.0,True,False
MIX_08,MIXED,BAJFINANCE.NS,beta,1.5283,0.85,1.5283,44.38,0.0,True,False
MIX_08,MIXED,BAJFINANCE.NS,vol_ann,28.0206,29.41,28.0206,4.96,0.0,False,False
MIX_08,MIXED,BAJFINANCE.NS,price_usd,10.834,87.44,10.834,707.09,0.0,True,False
MIX_09,MIXED,XOM,weight_pct,79.715,79.29,79.715,0.53,0.0,False,False
MIX_09,MIXED,XOM,beta,-0.3927,0.75,-0.3927,290.99,0.0,True,False
MIX_09,MIXED,XOM,vol_ann,25.9121,21.11,25.9121,18.53,0.0,True,False
MIX_09,MIXED,XOM,price_usd,137.09,89.28,137.09,34.87,0.0,True,False
MIX_09,MIXED,COALINDIA.NS,weight_pct,17.8638,15.8,17.8638,11.55,0.0,True,False
MIX_09,MIXED,COALINDIA.NS,beta,0.2494,0.95,0.2494,280.91,0.0,True,False
MIX_09,MIXED,COALINDIA.NS,vol_ann,21.353,25.19,21.353,17.97,0.0,True,False
MIX_09,MIXED,COALINDIA.NS,price_usd,4.6082,2.67,4.6082,42.06,0.0,True,False
MIX_09,MIXED,ONGC.NS,weight_pct,2.4212,4.91,2.4212,102.79,0.0,True,False
MIX_09,MIXED,ONGC.NS,beta,0.091,0.85,0.091,834.07,0.0,True,False
MIX_09,MIXED,ONGC.NS,vol_ann,23.3419,22.15,23.3419,5.11,0.0,True,False
MIX_09,MIXED,ONGC.NS,price_usd,2.4983,1.83,2.4983,26.75,0.0,True,False
MIX_10,MIXED,DIS,weight_pct,23.0824,39.65,23.0824,71.78,0.0,True,False
MIX_10,MIXED,DIS,beta,0.7885,1.21,0.7885,53.46,0.0,True,False
MIX_10,MIXED,DIS,vol_ann,24.4321,25.11,24.4321,2.77,0.0,False,False
MIX_10,MIXED,DIS,price_usd,99.5,93.45,99.5,6.08,0.0,True,False
MIX_10,MIXED,POWERGRID.NS,weight_pct,11.6904,18.79,11.6904,60.73,0.0,True,False
MIX_10,MIXED,POWERGRID.NS,beta,0.4683,0.65,0.4683,38.8,0.0,True,False
MIX_10,MIXED,POWERGRID.NS,vol_ann,19.2496,18.29,19.2496,4.99,0.0,False,False
MIX_10,MIXED,POWERGRID.NS,price_usd,3.0236,2.66,3.0236,12.03,0.0,True,False
MIX_10,MIXED,ADANIENT.NS,weight_pct,65.2271,41.56,65.2271,36.28,0.0,True,False
MIX_10,MIXED,ADANIENT.NS,beta,1.6851,0.85,1.6851,49.56,0.0,True,False
MIX_10,MIXED,ADANIENT.NS,vol_ann,31.7676,32.15,31.7676,1.2,0.0,False,False
MIX_10,MIXED,ADANIENT.NS,price_usd,33.7405,22.05,33.7405,34.65,0.0,True,False
